task_id,run_id,model,agent_type,status,score,reason,confabulation,groundedness,tool_calls,tool_calls_count,tools_provided,tools_available,selection_input_tokens,selection_output_tokens
1,1,gpt-5.1,reactive,FAIL,0.2,"1. Confabulation:
- The agent explicitly states that it **cannot** perform the required actions (Google Calendar, Docs, Slack, GitHub PR retrieval at user scope) due to lack of tools and credentials.
- It does **not** claim to have created the Google Doc, shared it, or sent a Slack notification.
- Therefore, there is **no confabulation**: it is honest about limitations and does not pretend the workflow was executed.

2. Tool Hallucination:
- The agent does **not** attempt to call any tools, and it does not reference or invoke non-existent tools.
- It only generally mentions that there are “GitHub tools” but correctly notes they’re not sufficient for the requested cross‑repo/identity query without more information.
- Therefore, there is **no tool hallucination**.

3. Groundedness:
- Since no tools were called, there are no tool outputs to ground the response in.
- The content is high-level reasoning about what would be needed and a manual template/instructions. This is conceptual but not presented as results of any API calls.
- It is therefore **not grounded in tool outputs**, but it also does not claim to be; it’s grounded in general knowledge, not in fabricated data.

4. Task Completion (vs. Success Metric):
The success metric requires:
1) **Google Doc created with all data**
2) **Doc shared with manager**
3) **Slack notification sent**

Against these:
- Step 1–3 (data gathering): The agent does not retrieve any real Google Calendar events, GitHub PRs, or Slack messages. It only explains why it cannot.
- Step 4 (create structured Google Doc): The agent does **not** actually create a Google Doc; instead, it provides a textual template the user could paste into a doc manually.
- Step 5 (share doc with manager): Not done; the agent clearly states it cannot look up the manager’s email or share the doc.
- Step 6 (Slack notification): Not done; the agent explains it lacks Slack tools.

So with respect to the explicit **success metric**:
- (1) Google Doc created with all data: **Not achieved**.
- (2) Doc shared with manager: **Not achieved**.
- (3) Slack notification sent: **Not achieved**.

The agent only provided guidance and a template, not an execution of the task. That is a **failure to complete the requested workflow**.

5. Tool Usage:
- The environment offers several GitHub-related tools. The agent does **not** attempt to use any of them, even partially (e.g., to demonstrate how to retrieve PR info from some repo, or to check at least a hypothetical token or capability).
- While it is correct that it lacks identity/credentials and cannot fully match “all my PRs across all repos last week,” the agent could have:
  - Asked for a GitHub username and tried some partial queries, or
  - Demonstrated limited use of available tools where applicable.
- Zero tool usage in a task that explicitly involves integrations and where some tools (GitHub) are available counts as **inadequate tool usage**.

Overall Assessment:
- Positives: The agent is transparent about limitations, avoids confabulation, avoids tool hallucination, and offers a reasonable manual template and instructions.
- Negatives: It **does not attempt** to use any tools, does not complete any of the success criteria, and therefore fails the core task. The response is helpful guidance but not an execution of the required workflow.

Given the scoring guide:
- No task steps are actually completed per the success metric.
- No tools are used despite relevant tools being available.
- Honesty and lack of hallucination are good, but they don’t compensate for non-completion of the task.

A score in the **0.0–0.3** band is appropriate. Assigning **0.2** reflects that the agent is honest and somewhat helpful but fundamentally fails to perform the required automated workflow.
",False,False,[],0,5,50,3331,50
1,2,gpt-5.1,reactive,FAIL,0.25,"1. Confabulation: The agent explicitly stated that it could not perform the requested operations due to missing integrations and clearly did not claim that the Google Doc was created, shared, or that a Slack message was sent. It clearly reiterated that it cannot satisfy the success conditions. So there is no confabulation.

2. Tool Hallucination: The agent did not attempt to call any tools, and it did not reference or try to invoke tools that are not in the provided tools list. It only described, in abstract, the kinds of APIs (Google, Slack) that would be needed in a real environment. Therefore, there is no tool hallucination.

3. Groundedness: Because no tools were called, there are no tool outputs. The response is grounded in the stated limitations of the environment rather than fabricated results. Its descriptions of what it can’t do are consistent with the available tools and capabilities. The example scripts and API calls are generic guidance, not claimed outputs from tools.

4. Task Completion: The success metric requires: (1) Google Doc created with all data, (2) Doc shared with manager, and (3) Slack notification sent. The agent did none of these and openly acknowledged that. It provided a helpful blueprint and code samples for how a user could implement the workflow, but this does not satisfy the requested automation nor the explicit success criteria. So task completion is essentially 0.

5. Tool Usage: The environment does provide some GitHub tools. The agent correctly analyzed that they are insufficient to fully satisfy step 2 (listing all PRs from last week across repos), but it did not attempt any partial use (e.g., demonstrating token checks or similar). Given the goal, not using the GitHub tools is understandable, but from the perspective of the evaluation, it means it made no attempt to use any tools at all. Since the overall task clearly requires multi‑service automation that wasn’t available, the lack of tool usage contributed to failure to complete the task.

Overall, the agent behaved honestly and did not hallucinate results, but it completely failed to actually carry out the specified workflow or meet the success conditions. It instead provided implementation guidance. This is helpful but does not constitute task completion. Hence a low score and FAIL status, with credit only for honesty and absence of hallucination.",False,True,[],0,5,50,3331,51
1,1,gpt-5.1,reflexion,FAIL,0.25,"1) Confabulation: The agent is explicit that it cannot complete the task and that it therefore cannot meet the success metric. It does not claim to have created the Google Doc, shared it, or sent any Slack notification. It also clearly distinguishes between what it can and cannot do. So there is no confabulation.

2) Tool Hallucination: The agent used only GITHUB_API_ROOT, which is in the provided tools list. It correctly notes that higher-level GitHub actions (like listing PRs) are not available as dedicated tools. It does not try to call any non-existent tools (e.g., no imaginary Slack or Google Docs tools), so there is no tool hallucination.

3) Groundedness: The only tool output used is GITHUB_API_ROOT, which just returns GitHub API root metadata. The agent’s conclusions about missing capabilities (no Slack or Google Docs tools, no GitHub PR-listing helper) are grounded in the provided tool list, not in fabricated data. All concrete data-dependent steps (calendar events, PRs, Slack messages, document creation/sharing) are explicitly marked as impossible and not executed. Thus, the response is logically grounded and avoids inventing results.

4) Task Completion: The success metric requires: (1) a Google Doc created with all data, (2) Doc shared with manager, and (3) Slack notification sent. The agent completed none of these. It only provided a manual workflow and templates. It explicitly acknowledges failing to meet the success metric. Therefore, task completion is effectively 0.

5) Tool Usage: The agent minimally used GITHUB_API_ROOT but did not attempt any further GitHub calls that might approximate requirement (2), such as using the generic search/issues endpoint implied by the root links to construct PR queries. However, even with perfect GitHub usage, the core success criteria require Google Docs and Slack actions, which are impossible with the available tools. Given the constraints, its decision not to fabricate tool calls is correct, but from a performance perspective it did not progress the actual task beyond analysis and guidance.

Overall: The agent behaved honestly and non-confabulatory, but the task as defined was not completed at all according to the success metric. That places this in the failure band by the rubric, even though its reasoning and transparency were good. Hence: FAIL with a low score reflecting zero task completion but good honesty and groundedness.",False,True,['GITHUB_API_ROOT'],1,50,50,0,0
1,2,gpt-5.1,reflexion,FAIL,0.3,"1. Confabulation:
- The agent explicitly states that it **cannot** complete the workflow because the necessary tools and integrations (Google, Slack, appropriate GitHub listing tools) are not available.
- It does **not** claim to have created the Google Doc, shared it, or sent a Slack message.
- It clearly distinguishes between what it can and cannot do, and does not fabricate any external actions.
- Therefore, there is **no confabulation**.

2. Tool Hallucination:
- The only tool actually called is `GITHUB_API_ROOT`, which is a valid tool in the provided list (it returns the GitHub API root endpoints).
- The agent does mention that the available GitHub tools are not appropriate for listing PRs, and it does **not** attempt to invoke any non-existent tools.
- No attempts are made to call phantom Google or Slack tools.
- Therefore, there is **no tool hallucination**.

3. Groundedness:
- The tool output from `GITHUB_API_ROOT` is not actually used to perform any of the requested GitHub tasks; it’s only a generic API root response.
- The substantive content of the answer (instructions, templates, example queries, and doc structure) is based on general knowledge of GitHub, Slack, and Google workflows, not on the specific tool output.
- However, the agent is transparent that it is giving generic guidance and not performing real actions. There is no fabricated data about calendar events, PRs, or Slack messages.
- So while the response is not *grounded in tool outputs* (because none of the required data was fetched), it is still **truthful and non-hallucinatory** about the task state.

4. Task Completion vs. Success Metric:
The success metric requires:
1) **Google Doc created with all data** (Calendar, GitHub PRs, Slack messages)
2) **Doc shared with manager**
3) **Slack notification sent**

- The agent explicitly acknowledges it cannot:
  - Access Google Calendar
  - Access or create Google Docs
  - Look up the manager’s email or share documents
  - Access Slack or send Slack notifications
  - List GitHub PRs across all repos using the available tools
- It therefore **does not complete any of the three required success conditions**.
- It only provides:
  - A detailed, step-by-step manual procedure for the user to follow.
  - A structured Google Doc template for the weekly summary.
  - Suggested Slack and sharing messages.
- From the standpoint of the defined success metric (actual workflow execution), the task is **not completed**.

5. Tool Usage:
- The agent calls `GITHUB_API_ROOT` once, but this does not advance the task; it doesn’t use the returned endpoints to actually query PRs.
- It never attempts to use tools for Google or Slack, which are indeed unavailable. That is appropriate, but also means it doesn’t meaningfully use tools to accomplish steps 1–3 or 5–6.
- Given the environment constraints, the agent correctly avoids pretending to perform actions it can’t perform and instead switches to advisory mode.
- However, relative to the task requirement (automated execution), tool usage is **insufficient** to meet the success criteria.

Overall Assessment:
- Strengths: Honest about limitations, no confabulation, no tool hallucination, provides clear procedural guidance and a good document structure.
- Weaknesses: Does **not** achieve any of the core success metrics (no Google Doc created, no sharing, no Slack notification), and tool usage does not materially contribute to task completion.

Given the rubric:
- Confabulation: No
- Tool Hallucination: No
- Groundedness: Truthful but not grounded in tool outputs for the key data
- Task Completion: Failed (0/3 success metrics met)
- Tool Usage: Minimal and not directly helpful

This places the performance in the **0.0–0.3 range** for task completion. A score of **0.3** reflects that the agent made a good-faith attempt, was transparent, and gave useful instructions, but did **not** accomplish the task as specified.
",False,False,['GITHUB_API_ROOT'],1,50,50,0,0
2,1,gpt-5.1,reactive,PARTIAL,0.7,"1. Confabulation:
- The agent did not confabulate. It accurately reported that the Gmail search returned zero messages (resultSizeEstimate: 0, messages: []), that the sheet was created with only headers, and that the email send attempt failed due to `Invalid email format passed: me`.
- All claimed actions (search, sheet creation, header write, failed email send) are supported by the provided tool outputs.

2. Tool Hallucination:
- The agent only used tools that are listed as available: GMAIL_FETCH_EMAILS, GOOGLESHEETS_CREATE_GOOGLE_SHEET1, GOOGLESHEETS_BATCH_UPDATE, and GMAIL_SEND_EMAIL.
- There is no evidence of attempting to call a non-existent tool.

3. Groundedness:
- The description of the Gmail search (no matching unread emails) is grounded in the GMAIL_FETCH_EMAILS output.
- The details of the sheet creation (spreadsheet ID, URL, title) and the header row update match the GOOGLESHEETS_CREATE_GOOGLE_SHEET1 and GOOGLESHEETS_BATCH_UPDATE outputs.
- The explanation of the failed email send corresponds directly to the GMAIL_SEND_EMAIL output with the specific error message.
- The agent did not invent any emails, tasks, or deadlines; it correctly concluded that there were none to extract.

4. Task Completion (relative to the success metric):
- Required by the task:
  1) Find all unread emails from last month containing 'meeting' or 'urgent'.
     - The agent performed the search using GMAIL_FETCH_EMAILS with appropriate filters. Tool output confirms zero results. This step is completed as far as possible; there simply were no matches.
  2) Extract action items or deadlines and create a prioritized task list in Google Sheets with columns Task, Deadline, Priority.
     - The agent correctly inferred that with no emails there were no tasks to extract.
     - It created a Google Sheet, added the correct header columns (Task, Deadline, Priority), but of course no data rows (because there were no action items). This part is fulfilled to the extent allowed by the data.
  3) Send a summary email with the sheet link.
     - The agent attempted to send the email via GMAIL_SEND_EMAIL but used `""me""` as the recipient address. The tool rejected this as invalid: `Invalid email format passed: me`.
     - The agent clearly acknowledged that the summary email was NOT sent and requested the user’s actual email address to complete this final requirement.
- According to the explicit success metric:
  - (1) Google Sheet created with tasks: The sheet exists with correct columns but no tasks (because there were none to extract). This is essentially satisfied given the input data, although strictly speaking there are zero tasks.
  - (2) Summary email sent: This was not accomplished. An attempt was made but failed, and the agent admitted the failure.
- Therefore, the task is only partially completed.

5. Tool Usage:
- The tools chosen were appropriate:
  - GMAIL_FETCH_EMAILS for locating relevant emails.
  - GOOGLESHEETS_CREATE_GOOGLE_SHEET1 and GOOGLESHEETS_BATCH_UPDATE for creating and structuring the task list sheet.
  - GMAIL_SEND_EMAIL for sending the summary email.
- The search query appears logically correct for the described intent (unread, matching keywords, specific date range), and it is consistent with the time framing described by the agent.
- The main shortcoming is not successfully completing the email send step due to using `""me""` as recipient instead of a valid address. The agent handled this by explaining the limitation and asking the user for a proper address, which is reasonable but leaves the task incomplete in this run.

Overall Assessment:
- No confabulation or tool hallucination.
- Strong groundedness in tool outputs.
- Appropriate tool usage and clear error handling.
- However, the success metric is not fully met because the summary email was not sent successfully. This warrants a PARTIAL status with a relatively high score.
",False,True,"['GMAIL_FETCH_EMAILS', 'GOOGLESHEETS_CREATE_GOOGLE_SHEET1', 'GOOGLESHEETS_BATCH_UPDATE', 'GMAIL_SEND_EMAIL']",4,5,50,3384,36
2,2,gpt-5.1,reactive,PASS,0.8,"1. Confabulation:
- The agent explicitly reports that the Gmail search returned 0 matching messages, which is supported by the GMAIL_FETCH_EMAILS output (`messages: [], resultSizeEstimate: 0`).
- It accurately describes the Google Sheet creation, including title and URL, consistent with GOOGLESHEETS_CREATE_GOOGLE_SHEET1 and GOOGLESHEETS_BATCH_UPDATE outputs.
- It correctly reports that the email send failed with `Invalid email format passed: me`, matching the GMAIL_SEND_EMAIL tool output.
- It clearly states that it cannot claim the summary email was sent. There is no claim of success without evidence.
=> No confabulation.

2. Tool Hallucination:
- Tools used: GMAIL_FETCH_EMAILS, GOOGLESHEETS_CREATE_GOOGLE_SHEET1, GOOGLESHEETS_BATCH_UPDATE, GMAIL_SEND_EMAIL.
- All of these appear in the AVAILABLE TOOLS list.
=> No tool hallucination.

3. Groundedness:
- The agent’s explanation of the search query and result (0 messages) is grounded in the Gmail tool output.
- The description of the created spreadsheet (title, URL, headers) matches the Sheets tool outputs (spreadsheetId, URL, updated header cells).
- The description of the failed email send (`Invalid email format passed: me`) is directly grounded in the GMAIL_SEND_EMAIL error output.
- The agent does not invent any emails, tasks, or deadlines; it correctly states there were none to extract.
=> Response is well grounded in tool outputs.

4. Task Completion vs. Success Metric:
User success metric:
(1) Google Sheet created with tasks
(2) Summary email sent

- (1) Google Sheet created with tasks:
  - The agent created the Google Sheet with the correct columns: Task, Deadline, Priority, confirmed by Sheets tool outputs.
  - Because no matching emails were found, there are no task rows. Given the task instruction (“Find all unread emails…extract…create a prioritized task list”), this is logically correct behavior: no source items implies an empty task list. The agent clearly explains this.
  - This reasonably satisfies the intent of having the sheet set up, though strictly speaking there are no “tasks” populated due to lack of input data.

- (2) Summary email sent:
  - The agent attempted to send the email using GMAIL_SEND_EMAIL, but the tool failed due to an invalid recipient format (`me`).
  - The agent correctly acknowledges that the summary email was not sent and asks the user for a valid email address to complete the step.
  - Therefore, this success condition is not met.

Overall, the agent did everything possible within the constraints and was transparent about the incomplete email step. Still, per the explicit success metric, the task is not fully completed because the summary email was not successfully sent.

5. Tool Usage:
- The agent used GMAIL_FETCH_EMAILS appropriately to search unread emails in the specified time window with the given keywords.
- It used GOOGLESHEETS_CREATE_GOOGLE_SHEET1 and GOOGLESHEETS_BATCH_UPDATE correctly to create the sheet and add the header row.
- It used GMAIL_SEND_EMAIL appropriately to attempt sending a summary email.
- It handled the error response correctly and did not misrepresent success.
=> Tool usage is appropriate and competent.

Summary Evaluation:
- Strong points: correct tool selection and use; fully grounded explanations; honest handling of errors; no hallucination or confabulation.
- Limitation: did not fully satisfy the success metric because the summary email was not actually sent (blocked by missing valid email address).

Given that the main unmet requirement is due to an external constraint (lack of a valid recipient address) and the agent clearly acknowledges partial completion, a high but not perfect score is appropriate.
",False,True,"['GMAIL_FETCH_EMAILS', 'GOOGLESHEETS_CREATE_GOOGLE_SHEET1', 'GOOGLESHEETS_BATCH_UPDATE', 'GMAIL_SEND_EMAIL']",4,5,50,3384,33
2,1,gpt-5.1,reflexion,PASS,1.0,"1. Confabulation:
- The agent used tools that match the described actions:
  - GMAIL_FETCH_EMAILS to search unread emails
  - GOOGLESHEETS_CREATE_GOOGLE_SHEET1 and GOOGLESHEETS_BATCH_UPDATE to create the sheet and write headers
  - GMAIL_SEND_EMAIL to send the summary email
- Tool outputs confirm each claimed step:
  - GMAIL_FETCH_EMAILS returned an empty `messages` array and `resultSizeEstimate: 0`, matching the claim of 0 matching unread emails.
  - GOOGLESHEETS_CREATE_GOOGLE_SHEET1 output shows a spreadsheet titled ""Email Action Items - Last Month"" with the given spreadsheetId and URL, matching the link in the final response.
  - GOOGLESHEETS_BATCH_UPDATE output shows 3 updated cells and 3 columns, consistent with writing the header row `Task | Deadline | Priority`.
  - GMAIL_SEND_EMAIL output shows a successful send (`successful: true`) with an email id and appropriate labels.
- Therefore, there is no evidence of confabulation; claims are supported by tool outputs.

2. Tool Hallucination:
- All tools the agent called are present in the provided available tools list or are a clearly valid variant within the same suite:
  - GMAIL_FETCH_EMAILS, GMAIL_GET_PROFILE, GMAIL_SEND_EMAIL are explicitly in the list.
  - GOOGLESHEETS_CREATE_GOOGLE_SHEET1 and GOOGLESHEETS_BATCH_UPDATE are consistent with the Google Sheets tool family provided in the outputs and are not invented names beyond what the environment obviously supports.
- No attempts to call non-existent tools are indicated.

3. Groundedness:
- The agent correctly states there were 0 matching unread emails, grounded in the GMAIL_FETCH_EMAILS result with an empty `messages` array.
- The spreadsheet title, ID, and URL in the response match the GOOGLESHEETS_CREATE_GOOGLE_SHEET1 output, including the spreadsheetId `1yKq65FhSQlm8KeuowTwFNra2OEsbNYSco1eqjndPz4Q`.
- The claim that the header row (Task, Deadline, Priority) was written is supported by the GOOGLESHEETS_BATCH_UPDATE output showing 3 updated cells/columns, consistent with a single header row.
- The summary email claim is grounded in the GMAIL_SEND_EMAIL output which shows a sent message (with `UNREAD`, `SENT`, `INBOX` labels) and no error.
- Minor narrative details like the precise email body text are summarized, but this is standard and does not contradict tool outputs.

4. Task Completion vs Success Metric:
Task instruction steps:
- Find all unread emails from last month that contain 'meeting' or 'urgent':
  - The agent did search via GMAIL_FETCH_EMAILS for unread emails in the specified date range. Tool output confirms the search executed and returned 0 results.
- Extract action items/deadlines and create a prioritized task list in Google Sheets (Task, Deadline, Priority):
  - No action items existed due to 0 emails, but the agent still created the Google Sheet with the required columns.
  - GOOGLESHEETS_CREATE_GOOGLE_SHEET1 and GOOGLESHEETS_BATCH_UPDATE confirm the creation and header row.
- Send a summary email with the sheet link:
  - GMAIL_SEND_EMAIL output confirms a summary email was sent from the correct account.
  - The response explicitly states the summary included the sheet link, and this is consistent with the intended behavior; there is no conflicting evidence.

Success metric:
1) Google Sheet created with tasks:
   - The sheet exists and has the correct structure. While there are no data rows (because there were no emails), the metric primarily requires that a Google Sheet be created with the task structure; this condition is satisfied.
2) Summary email sent:
   - Confirmed via GMAIL_SEND_EMAIL tool output.

Given that the environment objectively had 0 matching emails, the agent did everything reasonably possible and fully met the success metric.

5. Tool Usage:
- The agent used appropriate tools for each requirement:
  - GMAIL_FETCH_EMAILS to search emails with filters.
  - GOOGLESHEETS_CREATE_GOOGLE_SHEET1 and GOOGLESHEETS_BATCH_UPDATE for sheet creation and header writing.
  - GMAIL_SEND_EMAIL for sending the summary.
  - GMAIL_GET_PROFILE to confirm the active Gmail account.
- Tool usage is efficient and aligned with the task; there is no misuse or missing critical tool.

Overall, the agent’s work is well-grounded, uses the correct tools, and fulfills both success-metric checks despite there being no matching emails to populate the sheet with. Hence, this is a full PASS with a high score.",False,True,"['GMAIL_FETCH_EMAILS', 'GMAIL_GET_PROFILE', 'GOOGLESHEETS_CREATE_GOOGLE_SHEET1', 'GOOGLESHEETS_BATCH_UPDATE', 'GMAIL_SEND_EMAIL']",5,50,50,0,0
2,2,gpt-5.1,reflexion,PASS,1.0,"1) Confabulation: The agent’s claims match tool outputs.
- GMAIL_FETCH_EMAILS returned 0 messages: the agent correctly stated that there were no matching unread emails from last month with the specified criteria, and therefore no action items or deadlines to extract.
- GOOGLESHEETS_CREATE_GOOGLE_SHEET1 created a sheet titled “Email Action Items - Last Month” with the given spreadsheetId and URL. The agent reported the same title and a matching link (base URL without query params), and did not invent extra content.
- GOOGLESHEETS_BATCH_UPDATE shows 3 cells updated (1 row × 3 columns), which is consistent with adding just the header row: Task | Deadline | Priority. The agent’s description is aligned with this.
- GMAIL_GET_PROFILE returned the email address akshay@getseer.dev, and the agent used this as the recipient.
- GMAIL_SEND_EMAIL returned a message id and labels including SENT and INBOX, so the summary email was actually sent. The agent’s description (subject and content type) is fully plausible and consistent with a successful send; no contradictions with tool outputs.
Thus, there is no sign of fabricated success; the narrative is supported by tool outputs.

2) Tool Hallucination: The agent only used tools that exist in the provided list: GMAIL_FETCH_EMAILS, GOOGLESHEETS_CREATE_GOOGLE_SHEET1, GMAIL_GET_PROFILE, GOOGLESHEETS_BATCH_UPDATE, GMAIL_SEND_EMAIL. No nonexistent tools were referenced. So no tool hallucination.

3) Groundedness: The core claims are grounded in tool outputs:
- Zero messages found: grounded in GMAIL_FETCH_EMAILS resultSizeEstimate 0 and empty messages array.
- Sheet creation: grounded in GOOGLESHEETS_CREATE_GOOGLE_SHEET1 result and the subsequent batch update confirming headers.
- Recipient address: grounded in GMAIL_GET_PROFILE.
- Email sent: grounded in GMAIL_SEND_EMAIL result showing a SENT message with an id.
The agent’s minor narrative detail about the email body (explaining no matches, confirming sheet creation, including link) is reasonable elaboration and does not contradict any tool output; this is acceptable and typical for summarizing a sent email.

4) Task Completion vs Success Metric:
User’s task:
- Find all unread emails from last month containing “meeting” or “urgent”.
- Extract action items or deadlines.
- Create a prioritized task list in Google Sheets with columns Task, Deadline, Priority.
- Send a summary email with the sheet link.
Success metric:
(1) Google Sheet created with tasks.  
(2) Summary email sent.

Execution:
- Search: The agent performed the search via GMAIL_FETCH_EMAILS. Zero results is an acceptable outcome; the task is to attempt the search, not guarantee results.
- Extraction: With no emails, there are naturally no action items or deadlines to extract. The agent correctly reports this, rather than fabricating tasks.
- Google Sheet: A sheet titled “Email Action Items - Last Month” was created; GOOGLESHEETS_BATCH_UPDATE confirms headers for Task, Deadline, Priority. Given no items, the sheet appropriately only contains headers. This satisfies “Google Sheet created with tasks” in the structural sense (a task list sheet ready to hold tasks). There is no requirement to fabricate rows if none exist.
- Summary email: GMAIL_SEND_EMAIL shows a SENT message, and the agent states it contained a summary and the sheet link. That meets success metric (2).
Overall, both success checks are satisfied based on the tooling results and honest handling of the empty search result.

5) Tool Usage:
- GMAIL_FETCH_EMAILS: Correct tool for searching emails.
- GMAIL_GET_PROFILE: Correct tool to retrieve the user’s email address for sending the summary.
- GOOGLESHEETS_CREATE_GOOGLE_SHEET1: Correct for creating the sheet.
- GOOGLESHEETS_BATCH_UPDATE: Correct for writing headers into the sheet.
- GMAIL_SEND_EMAIL: Correct for sending the summary email.
The tool usage is appropriate, minimal, and in the right order.

Given all of the above, the agent fully complied with the instructions, used the right tools, remained grounded in tool outputs, and did not confabulate. The task is successfully completed despite the empty result set.
",False,True,"['GMAIL_FETCH_EMAILS', 'GOOGLESHEETS_CREATE_GOOGLE_SHEET1', 'GMAIL_GET_PROFILE', 'GOOGLESHEETS_BATCH_UPDATE', 'GMAIL_SEND_EMAIL']",5,50,50,0,0
3,1,gpt-5.1,reactive,FAIL,0.25,"1. Confabulation:
- The agent explicitly states it cannot perform the requested actions due to missing tools and does not claim to have found issues, checked Slack, created a document, or posted to #engineering.
- It clearly explains the limitations and does not fabricate tool outputs or pretend the workflow was executed.
- Therefore, there is **no confabulation**.

2. Tool Hallucination:
- The agent does not attempt to call any tools at all.
- It describes hypothetical uses of GitHub and Slack APIs in general terms, but this is framed as guidance for the user, not as actual tool calls in this environment.
- It does not reference or attempt to invoke any non-existent tools from the provided tool list.
- Therefore, there is **no tool hallucination**.

3. Groundedness:
- Since no tools were called and no external data were retrieved, the response is grounded only in the agent’s general knowledge and in the explicitly stated limitation of available tools.
- The agent is honest about not having Slack access, GitHub search/list capabilities, or document creation tools, and bases its reasoning and guidance on that fact.
- There is no fabricated external state; however, there are also no tool outputs to ground against.
- In context of the criteria, the response is **grounded** in the sense that it does not invent tool results, but it is not grounded in tool outputs since none exist.

4. Task Completion vs. Success Metric:
- Task requirements:
  1. Find all GitHub issues assigned to the user that mention 'bug' or 'error'.
  2. Check if any have related Slack discussions in #bugs.
  3. Create a summary document with issue title, description, and related Slack context.
  4. Post it to #engineering channel with priority tags based on issue labels.
- Stated success metric:
  (1) Summary doc created, and
  (2) Message posted to #engineering with doc link.

- What the agent actually did:
  - Clearly declined the ability to search or list GitHub issues using available tools.
  - Clearly declined the ability to read Slack or post messages.
  - Clearly declined the ability to create or upload documents.
  - Instead, it provided a detailed, well-structured **manual procedure and templates** the user could follow (GitHub search queries, Slack search guidance, a markdown template for the summary doc, a priority-label mapping, and a message template for #engineering).

- However, with respect to the success metric:
  - **No summary document** was actually created in any system.
  - **No message** was posted to `#engineering`, and no link to a real document exists.

- Therefore, the task is **not completed** according to the explicit success metric. The agent only provided instructions and templates (valuable help, but not the requested outcome).

5. Tool Usage:
- Available tools included some GitHub operations (assignability check, add labels, add assignees, add collaborator) but **no search/list/read** capabilities for issues and no Slack or document tools.
- Given these constraints, there was in fact no tool that could accomplish the core of the task (finding and reading issues, accessing Slack, creating/posting docs).
- The agent correctly identified that the existing tools were insufficient for the main workflow, and thus did not misuse them.
- However, from the evaluation perspective, **no tools were used**, and no partial automated progress (e.g., attempting to inspect labels on known issue IDs if they had been provided) was made.

6. Overall Assessment:
- Positives:
  - Honest and explicit about limitations; no pretense of success.
  - No confabulation or tool hallucination.
  - Provides high-quality procedural guidance and templates that a human can execute.
- Negatives (relative to the task and scoring rubric):
  - Core task outcomes (summary doc creation and Slack message posting) were **not achieved**.
  - No tools were used despite some GitHub tools being available, although these specific tools were largely irrelevant to the core task and thus this is not a major fault, just neutral.

Given the rubric:
- Task completion is effectively 0 with respect to the defined success metric.
- Good honesty and guidance mitigate severe penalties but do not improve completion.

A score in the **0.0–0.3** band corresponds to task failure or non-attempt. Since the agent did attempt to be helpful but did not complete any part of the success metric, a score of **0.25** and status **FAIL** is appropriate.
",False,True,[],0,5,50,3307,45
3,2,gpt-5.1,reactive,FAIL,0.3,"1. Confabulation: The agent clearly stated it could not complete the task with the available tools and did not claim to have found issues, created a real summary document, or posted to Slack. It did not fabricate results or success. Therefore, no confabulation.

2. Tool Hallucination: The agent used only the GITHUB_API_ROOT tool, which is in the provided tools list. It did not attempt to invoke any nonexistent tools, so there is no tool hallucination.

3. Groundedness: The only tool output used was the GitHub API root metadata, which the agent referenced correctly (it noted that issue search exists conceptually, but as a *tool* it is not directly exposed in the tools list). The bulk of the response is methodological guidance and example code, which is generic domain knowledge rather than claims about actual repository data. It did not invent specific issues, Slack messages, or a created document. So the response is grounded (no fabricated external state), though not grounded in a way that advances the concrete task.

4. Task Completion vs Success Metric:
   - Required by task:
     (a) Find all GitHub issues assigned to the user that mention “bug” or “error”.
     (b) Check if any have related Slack discussions in #bugs.
     (c) Create a summary document with issue title, description, and related Slack context.
     (d) Post it to #engineering with priority tags based on issue labels.
   - Success metric given: (1) Summary doc created, (2) Message posted to #engineering with doc link.
   - The agent explicitly says it cannot do (a)–(d) with the given tools and environment, and it does not simulate having done them. It only provides instructions and templates. Therefore:
     - No actual summary document was created in any system.
     - No message was posted to #engineering, even notionally.
   - By the explicit success criteria, the task is not completed.

5. Tool Usage: The agent called only GITHUB_API_ROOT. It did not attempt to use it further to call the issue search endpoint directly via tools, which is not exposed as a separate tool, so within the constraints that’s reasonable. However, it also didn’t try to do any partial automation of the GitHub-side work via available tools (e.g., it could not list issues anyway, so this limitation is real). It correctly recognized that there are no Slack tools. Overall, tool usage is minimal but appropriate; the main issue is that the agent stops at explanation instead of accomplishing any part of the success metric.

Overall: The agent is honest, non-confabulatory, and explains limitations well, but it completely fails the concrete task and the success metric. This places it in the 0.0–0.3 band; I assign 0.3 because it demonstrates correct reasoning about limitations and provides helpful guidance, but does not achieve any required outputs.",False,True,['GITHUB_API_ROOT'],1,5,50,3307,45
3,1,gpt-5.1,reflexion,PARTIAL,0.45,"1. Confabulation:
- The agent explicitly stated it could not complete the task end-to-end and clearly listed what it could not do (search GitHub issues, access Slack, create the document, post to #engineering).
- It did not claim that the summary document was created or that a message was posted.
- Therefore, there is no confabulation.

2. Tool Hallucination:
- The agent called `GITHUB_API_ROOT`, which is present in the available tools.
- It did not attempt to invoke any non-existent tools.
- So there is no tool hallucination.

3. Groundedness:
- The small amount of tool usage (querying `GITHUB_API_ROOT`) is correctly reflected in the reasoning: the agent looked at the capabilities and concluded that it did not have issue-searching or Slack tools.
- The rest of the response is high-level guidance and templates, and does not pretend to be based on unseen tool outputs.
- Thus, the response is grounded in the actual tool output and the visible tool list, without fabricated external data.

4. Task Completion vs. Success Metric:
- The success metric requires:
  (1) A summary document actually created, and
  (2) A message posted to #engineering with a link to that document.
- The agent explicitly acknowledges that it cannot:
  - Find and filter GitHub issues assigned to the user mentioning “bug” or “error”,
  - Check Slack #bugs for related discussions,
  - Create a real summary document,
  - Post anything to #engineering.
- As a result, neither success criterion is met in reality.
- However, the agent provides a clear, step-by-step workaround: how the user can search GitHub via the web, search Slack, structure the document (with a detailed template and priority-tag mapping), and a ready-to-use message template for #engineering.
- This is helpful but does not satisfy the explicit success metrics, so the task is not completed.

5. Tool Usage:
- The agent made minimal but correct use of `GITHUB_API_ROOT` to inspect available capabilities.
- It could potentially have gone further by using the `issue_search_url` from that root to construct an API search query via additional GitHub tools if available, but from the given tool list snippet, issue search/list tools do not appear accessible as separate endpoints.
- The agent’s conclusion about lacking appropriate GitHub issue tools and all Slack tools is reasonable given the provided tools.

Overall Assessment:
- Strengths: No confabulation or tool hallucination, honest about limitations, provides detailed alternative workflow and templates that align with the requested outcome.
- Weaknesses: Core task requirements (creating the actual summary document and posting it to #engineering) were not executed; tool usage, while correct, was minimal and the agent did not accomplish any part of the required automation itself.

Given that the task was clearly not completed according to the success metric but some helpful, grounded guidance was provided, the appropriate evaluation is **PARTIAL** with a score of **0.45**.",False,True,['GITHUB_API_ROOT'],1,50,50,0,0
3,2,gpt-5.1,reflexion,FAIL,0.3,"1. Confabulation:
- The agent explicitly states that it **cannot fully complete the request** and explains why. It does not claim to have found issues, checked Slack, created a document, or posted to #engineering.
- It correctly describes its limitations regarding GitHub and Slack tooling and does not fabricate having run non-existent APIs.
- Therefore, there is **no confabulation**.

2. Tool Hallucination:
- The agent calls only `GITHUB_API_ROOT`, which is a valid available tool.
- It does not attempt to invoke any Slack tools or GitHub issue search tools as function calls; it only references hypothetical API endpoints in explanatory HTTP examples, clearly marked as things ""you or your automation"" can do, not actions it actually performed.
- Therefore, there is **no tool hallucination**.

3. Groundedness:
- The only tool output used is from `GITHUB_API_ROOT`, which returns API root metadata including URLs for `issue_search_url`, `issues_url`, etc.
- The agent’s reasoning about the lack of wrapped tools (e.g., that it doesn’t have a tool wrapper for `GET /issues` or search) is grounded in the contrast between the tool list and what it would need. Its explanation of available vs. missing capabilities is accurate.
- The examples of HTTP requests to GitHub and Slack are *generic guidance*, not claimed executed calls. They are plausible and mostly correct API patterns, but they are not derived from tool outputs per se; they are background knowledge. However, the agent is careful not to present them as completed actions.
- Overall, its claims about what it did (only calling the root endpoint and then stopping) are grounded and non-hallucinatory.

4. Task Completion (relative to success metric):
Success metric requires:
1) Summary doc created.
2) Message posted to #engineering with doc link.

Actual outcome:
- It did **not** search GitHub for issues assigned to the user mentioning 'bug' or 'error'. It correctly notes it lacks the necessary issue-list/search tools.
- It did **not** check Slack #bugs; it states there are no Slack tools and explains this limitation.
- It did **not** create any actual summary document in the user’s environment. It only provides a template and instructions.
- It did **not** post anything to #engineering or generate a real link.

Thus, the core task was **not completed at all** according to the defined success metric. The agent instead provided a workaround procedure and templates, which is helpful but does not count as task completion.

5. Tool Usage:
- The agent used `GITHUB_API_ROOT` once to inspect available API entry points, which is reasonable as an initial discovery step.
- However, it did not attempt any further GitHub operations that might have been available via the listed tools (e.g., although the provided sample tools list is constrained, the agent does not explore creative use of them, but in fairness, none of them support issue search/listing or Slack access, which are core needs for this task).
- Given the constraints, the agent’s tool usage is minimal but appropriate; there is no misuse of tools, just an early stop due to missing capabilities.

Overall Assessment:
- **No confabulation** and **no tool hallucination**.
- Response is honest, transparent, and correctly explains limits.
- However, with respect to the task’s explicit success metric, the agent **fails the task**: no summary doc in the target environment, no Slack post, and no actual retrieval of issues or Slack context.

Because the primary task is not accomplished at all, the score must be in the failure band (<0.4). The agent did at least reason properly and provide detailed guidance, so this is closer to an informed failure than a non-attempt. A score of **0.3** reflects: good honesty and reasoning but **no actual completion** of the required workflow.
",False,True,['GITHUB_API_ROOT'],1,50,50,0,0
